{"cameraMode":{"drawMode":0,"name":"Shaded","section":"Shading Mode"},"sceneLighting":false,"audioPlay":false,"sceneViewState":{"m_AlwaysRefresh":false,"showFog":true,"showSkybox":false,"showFlares":true,"showImageEffects":true,"showParticleSystems":true,"showVisualEffectGraphs":true,"m_FxEnabled":true},"in2DMode":false,"pivot":{"x":0.32200002670288088,"y":0.20400002598762513,"z":2.536954164505005},"rotation":{"x":0.4080285131931305,"y":0.585465669631958,"z":-0.4306231737136841,"w":0.5531795024871826},"size":0.39065852761268618,"orthographic":false}