{"cameraMode":{"drawMode":0,"name":"Shaded","section":"Shading Mode"},"sceneLighting":false,"audioPlay":false,"sceneViewState":{"m_AlwaysRefresh":false,"showFog":true,"showSkybox":false,"showFlares":true,"showImageEffects":true,"showParticleSystems":true,"showVisualEffectGraphs":true,"m_FxEnabled":true},"in2DMode":false,"pivot":{"x":-1.0516244173049927,"y":-0.6070003509521484,"z":-0.7384381294250488},"rotation":{"x":-0.3609178364276886,"y":0.0862075611948967,"z":-0.033855706453323367,"w":-0.9283831715583801},"size":0.2598075866699219,"orthographic":false}