{"cameraMode":{"drawMode":0,"name":"Shaded","section":"Shading Mode"},"sceneLighting":false,"audioPlay":false,"sceneViewState":{"m_AlwaysRefresh":false,"showFog":true,"showSkybox":false,"showFlares":true,"showImageEffects":true,"showParticleSystems":true,"showVisualEffectGraphs":true,"m_FxEnabled":true},"in2DMode":false,"pivot":{"x":-0.7362391948699951,"y":-0.6102662682533264,"z":-0.026030242443084718},"rotation":{"x":-0.016275646165013315,"y":-0.4125233590602875,"z":-0.006958260666579008,"w":0.9111713171005249},"size":0.7071067690849304,"orthographic":false}