{"cameraMode":{"drawMode":0,"name":"Shaded","section":"Shading Mode"},"sceneLighting":false,"audioPlay":false,"sceneViewState":{"m_AlwaysRefresh":false,"showFog":true,"showSkybox":false,"showFlares":true,"showImageEffects":true,"showParticleSystems":true,"showVisualEffectGraphs":true,"m_FxEnabled":true},"in2DMode":false,"pivot":{"x":1.6275725364685059,"y":0.03560000658035278,"z":0.2763338088989258},"rotation":{"x":0.021278295665979387,"y":0.9621309041976929,"z":-0.07686074823141098,"w":0.2619677484035492},"size":0.8660253882408142,"orthographic":false}