{"cameraMode":{"drawMode":0,"name":"Shaded","section":"Shading Mode"},"sceneLighting":false,"audioPlay":false,"sceneViewState":{"m_AlwaysRefresh":false,"showFog":true,"showSkybox":false,"showFlares":true,"showImageEffects":true,"showParticleSystems":true,"showVisualEffectGraphs":true,"m_FxEnabled":true},"in2DMode":false,"pivot":{"x":0.10489144921302796,"y":-0.39040282368659975,"z":-0.5584133863449097},"rotation":{"x":0.14288215339183808,"y":-0.7711136341094971,"z":0.18678973615169526,"w":0.5922741889953613},"size":0.8685974478721619,"orthographic":false}